<?xml version="1.0" encoding="UTF-8"?>
<!DOCTYPE mapper PUBLIC "-//mybatis.org//DTD Mapper 3.0//EN" "http://mybatis.org/dtd/mybatis-3-mapper.dtd">
<mapper namespace="com.digitalBook.Mapper.UserMapper">
	<!-- 사용자 수 검색 -->	
	<select id="SearchUserCount" resultType="int">
		SELECT COUNT(*) FROM user u
		LEFT JOIN department d4 ON u.depart_id = d4.depart_id
		LEFT JOIN department d3 ON u.user_group = d3.depart_id
		LEFT JOIN department d2 ON d3.depart_parents = d2.depart_id
		LEFT JOIN department d1 ON d2.depart_parents = d1.depart_id
		WHERE 1=1
		<choose>
			<when test="search_type == null || search_type.equals('none')">
				AND (
					u.user_username LIKE CONCAT('%', #{keyword}, '%')
					OR
					u.user_name_k LIKE CONCAT('%', #{keyword}, '%')
					OR
					d1.department LIKE CONCAT('%', #{keyword}, '%')
					OR
					u.user_position LIKE CONCAT('%', #{keyword}, '%')
					OR
					u.user_level LIKE CONCAT('%', #{keyword}, '%')
				)
			</when>
			<otherwise>
				AND ${search_type} LIKE CONCAT('%', #{keyword}, '%')
			</otherwise>
		</choose>
	</select>
	
	<!-- 사용자 검색 -->
	<select id="SearchUser" resultType="User">
		SELECT u.*, d1.*, d2.*, d3.*, d4.*, d4.department as d4_department_name FROM user u
		LEFT JOIN department d4 ON u.depart_id = d4.depart_id
		LEFT JOIN department d3 ON u.user_group = d3.depart_id
		LEFT JOIN department d2 ON d3.depart_parents = d2.depart_id
		LEFT JOIN department d1 ON d2.depart_parents = d1.depart_id
		WHERE 1=1
		<choose>
			<when test="search_type == null || search_type.equals('none')">
				AND (
					u.user_username LIKE CONCAT('%', #{keyword}, '%')
					OR
					u.user_name_k LIKE CONCAT('%', #{keyword}, '%')
					OR
					d1.department LIKE CONCAT('%', #{keyword}, '%')
					OR
					u.user_position LIKE CONCAT('%', #{keyword}, '%')
					OR
					u.user_level LIKE CONCAT('%', #{keyword}, '%')
				)
			</when>
			<otherwise>
				AND ${search_type} LIKE CONCAT('%', #{keyword}, '%')
			</otherwise>
		</choose>
		ORDER BY user_id DESC
		LIMIT #{offset}, #{limit}
	</select>
	
	<!-- 소속실 조회 -->
	<select id="SelectDepartment" resultType="Department">
		SELECT * FROM department
		WHERE depart_depth = #{depart_depth}
		<choose>
			<when test="depart_depth != 0">
				AND depart_parents = #{depart_id}
			</when>
		</choose>
		
	</select>
	
	<!-- 사용자 등록 -->
	<insert id="InsertUser" parameterType="User">
		INSERT INTO user
		(user_username, user_password, user_name_k, user_name_e, user_post, user_address, user_address_detail, user_tel, user_phone, user_pax, user_type, user_status, depart_id, user_group, user_position, user_level, user_scientist, user_authority, login_date, create_date, modify_date)
		VALUES
		(#{user_username}, #{user_password}, #{user_name_k}, #{user_name_e}, #{user_post}, #{user_address}, #{user_address_detail}, #{user_tel}, #{user_phone}, #{user_pax}, #{user_type}, 1, #{depart_id}, #{user_group}, #{user_position}, #{user_level}, #{user_scientist}, 'USER', NOW(), NOW(), NOW())
	</insert>
	
	<!-- 사용자 상세 조회 -->
	<select id="SelectUserDetail" parameterType="int" resultType="User">
		SELECT u.*, d1.*, d2.*, d3.*, d4.*,
			d4.depart_id as d4_id, d3.depart_id as d3_id, d2.depart_id as d2_id, d1.depart_id as d1_id
		FROM user u
		LEFT JOIN department d4 ON u.depart_id = d4.depart_id
		LEFT JOIN department d3 ON u.user_group = d3.depart_id
		LEFT JOIN department d2 ON d3.depart_parents = d2.depart_id
		LEFT JOIN department d1 ON d2.depart_parents = d1.depart_id
		WHERE u.user_id = #{user_id}
	</select>
	
	<!-- 사용자 수정 -->
	<update id="UpdateUser" parameterType="User">
		UPDATE user
		SET user_password = #{user_password},
			user_name_k = #{user_name_k},
			user_name_e = #{user_name_e},
			user_post = #{user_post},
			user_address = #{user_address},
			user_address_detail = #{user_address_detail},
			user_tel = #{user_tel},
			user_phone = #{user_phone},
			user_pax = #{user_pax},
			user_type = #{user_type},
			depart_id = #{depart_id},
			user_group = #{user_group},
			user_position = #{user_position},
			user_level = #{user_level},
			user_scientist = #{user_scientist},
			modify_date = NOW()
		WHERE user_id = #{user_id}
	</update>
	
	<!-- 사용자 삭제 -->
	<update id="DeleteUser" parameterType="int">
		UPDATE user
		SET user_status = 0
		WHERE user_id = #{user_id}
	</update>
	
</mapper>